district,year,avg_price_sqm,net_income,years_to_afford_70sqm
Innere Stadt,2024,8496.0,26480.0,22.5
Leopoldstadt,2024,5039.0,22904.0,15.4
Landstraße,2024,4793.0,24172.0,13.9
Wieden,2024,5871.0,25878.0,15.9
Margareten,2024,4588.0,20479.0,15.7
Mariahilf,2024,5059.0,23971.0,14.8
Neubau,2024,5625.0,25100.0,15.7
Josefstadt,2024,5736.0,25142.0,16.0
Alsergrund,2024,5392.0,24701.0,15.3
Favoriten,2024,3431.0,19478.0,12.3
Simmering,2024,3163.0,21606.0,10.2
Meidling,2024,4011.0,20537.0,13.7
Hietzing,2024,4805.0,29575.0,11.4
Penzing,2024,4255.0,23755.0,12.5
Rudolfsheim-Fünfhaus,2024,4048.0,18528.0,15.3
Ottakring,2024,4113.0,21168.0,13.6
Hernals,2024,4383.0,22386.0,13.7
Währing,2024,4932.0,26770.0,12.9
Döbling,2024,5095.0,28004.0,12.7
Brigittenau,2024,4108.0,18674.0,15.4
Floridsdorf,2024,3561.0,23220.0,10.7
Donaustadt,2024,4187.0,25323.0,11.6
Liesing,2024,3853.0,26063.0,10.3
Innere Stadt,2023,11444.0,26480.0,30.3
Leopoldstadt,2023,5383.0,22904.0,16.5
Landstraße,2023,4996.0,24172.0,14.5
Wieden,2023,5964.0,25878.0,16.1
Margareten,2023,4760.0,20479.0,16.3
Mariahilf,2023,5386.0,23971.0,15.7
Neubau,2023,5870.0,25100.0,16.4
Josefstadt,2023,5972.0,25142.0,16.6
Alsergrund,2023,5900.0,24701.0,16.7
Favoriten,2023,3524.0,19478.0,12.7
Simmering,2023,3301.0,21606.0,10.7
Meidling,2023,4110.0,20537.0,14.0
Hietzing,2023,5203.0,29575.0,12.3
Penzing,2023,4328.0,23755.0,12.8
Rudolfsheim-Fünfhaus,2023,4270.0,18528.0,16.1
Ottakring,2023,4222.0,21168.0,14.0
Hernals,2023,4510.0,22386.0,14.1
Währing,2023,5479.0,26770.0,14.3
Döbling,2023,5545.0,28004.0,13.9
Brigittenau,2023,4184.0,18674.0,15.7
Floridsdorf,2023,3731.0,23220.0,11.2
Donaustadt,2023,4305.0,25323.0,11.9
Liesing,2023,3961.0,26063.0,10.6
Innere Stadt,2022,11644.0,26480.0,30.8
Leopoldstadt,2022,5380.0,22904.0,16.4
Landstraße,2022,5229.0,24172.0,15.1
Wieden,2022,6249.0,25878.0,16.9
Margareten,2022,4985.0,20479.0,17.0
Mariahilf,2022,5573.0,23971.0,16.3
Neubau,2022,6220.0,25100.0,17.3
Josefstadt,2022,6176.0,25142.0,17.2
Alsergrund,2022,6009.0,24701.0,17.0
Favoriten,2022,3750.0,19478.0,13.5
Simmering,2022,3453.0,21606.0,11.2
Meidling,2022,4269.0,20537.0,14.6
Hietzing,2022,5451.0,29575.0,12.9
Penzing,2022,4521.0,23755.0,13.3
Rudolfsheim-Fünfhaus,2022,4509.0,18528.0,17.0
Ottakring,2022,4374.0,21168.0,14.5
Hernals,2022,4707.0,22386.0,14.7
Währing,2022,5780.0,26770.0,15.1
Döbling,2022,5873.0,28004.0,14.7
Brigittenau,2022,4213.0,18674.0,15.8
Floridsdorf,2022,3907.0,23220.0,11.8
Donaustadt,2022,4390.0,25323.0,12.1
Liesing,2022,4168.0,26063.0,11.2
