district,year,net_income
Innere Stadt,2018,26480
Leopoldstadt,2018,22904
Landstraße,2018,24172
Wieden,2018,25878
Margareten,2018,20479
Mariahilf,2018,23971
Neubau,2018,25100
Josefstadt,2018,25142
Alsergrund,2018,24701
Favoriten,2018,19478
Simmering,2018,21606
Meidling,2018,20537
Hietzing,2018,29575
Penzing,2018,23755
Rudolfsheim-Fünfhaus,2018,18528
Ottakring,2018,21168
Hernals,2018,22386
Währing,2018,26770
Döbling,2018,28004
Brigittenau,2018,18674
Floridsdorf,2018,23220
Donaustadt,2018,25323
Liesing,2018,26063