district,year,avg_price_sqm
Innere Stadt,2024,8 496
Leopoldstadt,2024,5 039
Landstraße,2024,4 793
Wieden,2024,5 871
Margareten,2024,4 588
Mariahilf,2024,5 059
Neubau,2024,5 625
Josefstadt,2024,5 736
Alsergrund,2024,5 392
Favoriten,2024,3 431
Simmering,2024,3 163
Meidling,2024,4 011
Hietzing,2024,4 805
Penzing,2024,4 255
Rudolfsheim-Fünfhaus,2024,4 048
Ottakring,2024,4 113
Hernals,2024,4 383
Währing,2024,4 932
Döbling,2024,5 095
Brigittenau,2024,4 108
Floridsdorf,2024,3 561
Donaustadt,2024,4 187
Liesing,2024,3 853
Innere Stadt,2023,11 444
Leopoldstadt,2023,5 383
Landstraße,2023,4 996
Wieden,2023,5 964
Margareten,2023,4 760
Mariahilf,2023,5 386
Neubau,2023,5 870
Josefstadt,2023,5 972
Alsergrund,2023,5 900
Favoriten,2023,3 524
Simmering,2023,3 301
Meidling,2023,4 110
Hietzing,2023,5 203
Penzing,2023,4 328
Rudolfsheim-Fünfhaus,2023,4 270
Ottakring,2023,4 222
Hernals,2023,4 510
Währing,2023,5 479
Döbling,2023,5 545
Brigittenau,2023,4 184
Floridsdorf,2023,3 731
Donaustadt,2023,4 305
Liesing,2023,3 961
Innere Stadt,2022,11 644
Leopoldstadt,2022,5 380
Landstraße,2022,5 229
Wieden,2022,6 249
Margareten,2022,4 985
Mariahilf,2022,5 573
Neubau,2022,6 220
Josefstadt,2022,6 176
Alsergrund,2022,6 009
Favoriten,2022,3 750
Simmering,2022,3 453
Meidling,2022,4 269
Hietzing,2022,5 451
Penzing,2022,4 521
Rudolfsheim-Fünfhaus,2022,4 509
Ottakring,2022,4 374
Hernals,2022,4 707
Währing,2022,5 780
Döbling,2022,5 873
Brigittenau,2022,4 213
Floridsdorf,2022,3 907
Donaustadt,2022,4 390
Liesing,2022,4 168